q01	Jak głosował Ryszard Petru w ostatecznym głosowaniu nad ustawą budżetową na 2024 rok?
q02	Ile głosowań opuścił Szymon Hołownia w tej kadencji i ile z opuszczonych Sejm uznał za usprawiedliwione?
q03	Czy głosowanie nr 15 na 64. posiedzeniu Sejmu zostało przyjęte? Za było więcej posłów niż przeciw.
q04	Czy głosowanie nr 46 na 18. posiedzeniu Sejmu przeszło?
q05	Jak głosowały poszczególne kluby w głosowaniu nr 1 na 10. posiedzeniu Sejmu?
q06	Ile interpelacji złożyła posłanka Katarzyna Osos i na ile z nich odpowiedź spóźnia się po terminie?
q07	Co się działo na ostatnim zakończonym posiedzeniu Sejmu? Ile było głosowań i ile z nich przyjęto?
q08	Który poseł jest najbardziej nieobecny w tej kadencji?
q09	Jakie komisje sejmowe obradowały 24 kwietnia 2024?
q10	Kto jako pierwszy poseł (nie marszałek ani sekretarz) zabrał głos na posiedzeniu Sejmu 24 kwietnia 2024 i o czym mówił?
q11	Jak Jarosław Kaczyński głosował w pierwszym głosowaniu IX kadencji Sejmu?
q12	Czy ustawa budżetowa na 2026 rok została uchwalona i czy jest już opublikowana?
q13	Na które interpelacje do ministra zdrowia odpowiedź spóźnia się najbardziej?
q14	Jak głosowała Konfederacja w ostatnim głosowaniu nad całością ustawy o Krajowej Radzie Sądownictwa?
q15	Czy posłanka Daria Gosek-Popiołek głosowała za ustawą budżetową na 2024 rok?
q16	Czy ustawa budżetowa na 2026 rok już obowiązuje i od kiedy?
q17	Co mówi art. 52 Kodeksu pracy?
q18	Ile razy zmieniano ustawę o Krajowej Radzie Sądownictwa z 2011 roku i jakie są ostatnie zmiany?
q19	Czy ustawa o zmianie ustawy o Krajowej Radzie Sądownictwa, którą Sejm uchwalił w styczniu 2026, już obowiązuje?
q20	W jakich komisjach zasiada Ryszard Petru i jaką pełni w nich funkcję?
q21	Kto przewodniczy sejmowej Komisji Zdrowia?
q22	Czym Sejm zajmie się na najbliższym posiedzeniu?
q23	Jakie projekty ustaw złożył Prezydent we wrześniu 2026?
q24	Gdzie mogę obejrzeć nagranie posiedzenia Sejmu z 24 kwietnia 2024?
q25	Jakie ustawy wchodzą w życie w październiku 2026?
