t001	Jak głosował Mateusz Morawiecki w głosowaniu nad ponownym uchwaleniem ustawy o statusie osoby najbliższej w związku i umowie o wspólnym pożyciu po wecie prezydenta (17 września 2026 r.) i czy Sejm odrzucił to weto?
t002	Który klub miał najwięcej posłów niegłosujących w głosowaniu nad całością projektu ustawy o wychowaniu patriotycznym 18 września 2026 r.? Podaj liczbę i wynik całego głosowania.
t003	Kto był posłem sprawozdawcą projektu ustawy o wychowaniu patriotycznym w trzecim czytaniu 18 września 2026 r., z jakiego jest klubu i jak głosował nad całością tego projektu?
t004	W sprawie jakiego projektu przemawiał Marcin Horała na posiedzeniu Sejmu 16 września 2026 r. i jak głosował w głosowaniu nad całością tego projektu dwa dni później? Czy Sejm projekt przyjął?
t005	Prześledź drogę rządowego projektu ustawy o statusie osoby najbliższej w związku i umowie o wspólnym pożyciu (druk 2110): wynik głosowania nad odrzuceniem w pierwszym czytaniu, data i wynik uchwalenia, data weta prezydenta i wynik głosowania nad wetem.
t006	Kto został wybrany na wicemarszałka Sejmu 18 września 2026 r., ile głosów dostał każdy kandydat, jaka była wymagana większość i jak w tym wyborze głosował sam zwycięzca?
t007	Kto był posłem sprawozdawcą ustawy o umorzeniu należności ZUS powstałych przed 1999 r. w głosowaniach 18 września 2026 r., jak głosował nad całością i jak głosował jego klub?
t008	Mandat posła Łukasza Litewki wygasł w 2026 r. Który poseł jako następny złożył ślubowanie w jego okręgu i jak ta osoba głosowała 17 września 2026 r. nad ponownym uchwaleniem ustawy o statusie osoby najbliższej?
t009	Jak głosowali posłowie klubu Konfederacja nad zgodą na zatrzymanie i tymczasowe aresztowanie posła Wojciecha Króla (17 września 2026 r.)? Kto z nich nie głosował za i jaki był wynik całego głosowania?
t010	Kto został wybrany na sędziego Trybunału Konstytucyjnego na posiedzeniu Sejmu 4 września 2026 r., ile głosów otrzymali kandydaci, jaki był próg i na kogo głosował Szymon Hołownia?
t011	Ryszard Petru złożył interpelację w sprawie hałasu na Południowej Obwodnicy Warszawy (S2). Do kogo ją skierowano, kto i kiedy na nią odpowiedział i o ile dni po 21-dniowym terminie?
t012	Kto przedstawiał 18 września 2026 r. jako poseł sprawozdawca dodatkowe sprawozdanie o projektach ustaw o asystencji osobistej osób z niepełnosprawnościami, w jakim klubie był ten poseł w listopadzie 2023 r., w jakim jest teraz i jaki był wynik głosowania nad całością?
t013	W jakiej sprawie przemawiała Bożenna Hołownia na posiedzeniu Sejmu 16 września 2026 r. i jak głosowała nad całością tej ustawy?
t014	Ile razy Mateusz Morawiecki zabierał głos na 65. posiedzeniu Sejmu, w które dni i czego dotyczyło każde wystąpienie?
t015	Który klub w głosowaniu nad całością ustawy o umorzeniu należności ZUS sprzed 1999 r. (18 września 2026 r.) w całości wstrzymał się od głosu (bez ani jednego głosu za lub przeciw) i jak głosował Mateusz Morawiecki?
t016	Jaki był wynik głosowania nr 3 na 65. posiedzeniu Sejmu? Czy wniosek przyjęto, czy odrzucono?
t017	Czy w głosowaniu nr 22 na 54. posiedzeniu Sejmu (27 marca 2026 r.) Sejm coś przyjął? Ilu posłów głosowało za?
t018	Za ponownym uchwaleniem ustawy „Przepisy wprowadzające ustawę o statusie osoby najbliższej” (17 września 2026 r.) głosowało więcej posłów niż przeciw. Czy ustawa została ponownie uchwalona mimo weta?
t019	Czy Sejm w czerwcu 2026 r. wyraził zgodę na pociągnięcie posła Sławomira Mentzena do odpowiedzialności za wykroczenie? Podaj liczby głosów.
t020	Czy Sejm 28 listopada 2023 r. powołał Karolinę Bućko na członka Państwowej Komisji do spraw przeciwdziałania wykorzystaniu seksualnemu małoletnich poniżej lat 15?
t021	Czy w grudniu 2025 r. Sejm odrzucił weto prezydenta do ustawy o rynku kryptoaktywów? Podaj wynik głosowania i wymaganą większość.
t022	Których posłów Sejm wybrał do Krajowej Rady Sądownictwa 14 listopada 2023 r.? Podaj głosy wszystkich kandydatów i wymagany próg.
t023	W jakim klubie był Sławomir Skwarek, gdy 17 września 2026 r. głosował nad ponownym uchwaleniem ustawy o statusie osoby najbliższej, jak głosował i w jakim klubie jest według aktualnych danych?
t024	W jakim klubie był Ryszard Petru, gdy 28 listopada 2023 r. Sejm głosował nad powołaniem Karoliny Bućko do Państwowej Komisji ds. pedofilii, jak głosował i do jakiego klubu należy obecnie?
t025	Jak głosował Borys Budka w głosowaniu nad całością ustawy o Trybunale Konstytucyjnym 24 lipca 2024 r.?
t026	Czy ministerstwo odpowiedziało już na interpelację nr 18544 (dzieci w spektrum autyzmu)? Czy odpowiedź jest po terminie?
t027	Interpelacja nr 12176 Marceliny Zawiszy została skierowana do dwóch ministrów. Czy obaj na nią odpowiedzieli? Kto i kiedy?
t028	Ile głosowań odbyło się na 65. posiedzeniu Sejmu, ile z nich było głosowaniami nad całością projektu (ile dotyczyło ustaw, a ile uchwał) i ile z tych projektów przyjęto?
t029	Jak głosował klub Polska 2050 nad zgodą na zatrzymanie i tymczasowe aresztowanie posła Wojciecha Króla 17 września 2026 r.? Kto z klubu nie głosował za?
t030	Ile interpelacji ma w tej kadencji Ryszard Petru (jako autor lub współautor) i ile z nich dostało odpowiedź po 21-dniowym terminie liczonym od przesłania ministrowi? Które to były?
t031	Według statystyk głosowań Sejmu: ile głosowań opuścił w tej kadencji Jarosław Kaczyński, w ilu dniach posiedzeń coś opuścił i ile dni ma oznaczonych jako usprawiedliwione?
t032	Ile głosowań w tej kadencji opuścił Sławomir Skwarek według statystyk Sejmu i ile dni nieobecności ma usprawiedliwionych?
t033	Ile głosowań odbyło się na 64. posiedzeniu Sejmu i ile z nich wymagało większości 3/5? Jaki był wynik takiego głosowania?
t034	Ile głosowań kworum odbyło się na 65. posiedzeniu Sejmu i ilu posłów było w każdym z nich obecnych?
t035	Ilu posłów liczy obecnie koło Razem i kto do niego należy?
t036	Pod iloma interpelacjami w tej kadencji podpisana jest Marcelina Zawisza (jako autorka lub współautorka), ile złożyła sama i ile z nich było skierowanych do więcej niż jednego adresata?
t037	Jak głosowały poszczególne kluby 4 września 2026 r. nad wnioskiem prezydenta o ponowne rozpatrzenie ustawy o rynku kryptoaktywów i czy weto zostało odrzucone?
t038	Kto został wybrany na marszałka Sejmu na pierwszym posiedzeniu 8. kadencji i ile głosów dostali kandydaci?
t039	Jaki był wynik głosowania nad całością nowelizacji ustawy o Trybunale Konstytucyjnym 22 grudnia 2015 r. (8. kadencja), jak głosował Paweł Kukiz i jak podzielił się klub Kukiz'15?
t040	Jak w głosowaniu nad całością tzw. lex TVN (nowelizacja ustawy o radiofonii i telewizji, 11 sierpnia 2021 r.) głosowali Jarosław Gowin i Paweł Kukiz i jaki był wynik?
t041	Kto został marszałkiem Sejmu na pierwszym posiedzeniu 7. kadencji w 2011 r., z jakim wynikiem i na kogo głosował Donald Tusk?
t042	Jakim wynikiem Elżbieta Witek została wybrana na marszałka Sejmu na początku 9. kadencji?
t043	Jaki był wynik głosowania nad całością tzw. ustawy kagańcowej (nowelizacja Prawa o ustroju sądów powszechnych i ustawy o SN, 20 grudnia 2019 r.) i jak głosował Jarosław Gowin?
t044	Ilu członków liczyły kluby PO i PiS w 7. kadencji Sejmu według danych API Sejmu?
t045	Kto jako pierwszy został wybrany na wicemarszałka na pierwszym posiedzeniu 8. kadencji i jakim wynikiem?
t046	Jak posłanka lub poseł Hołownia głosował(a) 17 września 2026 r. nad zgodą na zatrzymanie i aresztowanie posła Wojciecha Króla?
t047	Jak poseł Król głosował nad zgodą Sejmu na zatrzymanie i tymczasowe aresztowanie posła Wojciecha Króla?
t048	Ile głosowań odbyło się wczoraj w Sejmie i jakie były ich wyniki?
t049	Ile głosowań było na ostatnim posiedzeniu Sejmu, w jakie dni się odbyło i którego dnia głosowano najwięcej?
t050	Jak głosowała Konfederacja nad nowelizacją ustawy o KRS w styczniu 2026 r. i jaki był wynik głosowania nad całością?
t051	Jaki był wynik głosowania nad ustawą o TK w lipcu 2024 r. i jak głosował klub PiS?
t052	Jak glosowala Paulina Hennig Kloska nad ponownym uchwaleniem ustawy o statusie osoby najblizszej po wecie prezydenta i w jakim jest klubie?
t053	Na kogo glosowal posel Kaczynski przy wyborze Rzecznika Praw Obywatelskich w lipcu 2026 i kto zostal RPO?
t054	Podaj ranking wszystkich 460 posłów od najbardziej do najmniej obecnego na głosowaniach w tej kadencji.
t055	Ile kobiet zasiada obecnie w Sejmie i jaki to procent wszystkich posłów?
t056	Czy Jarosław Kaczyński jest leniwym posłem?
t057	Jaki był wynik głosowania nr 999 na 1. posiedzeniu Sejmu 10. kadencji?
t058	Jakie ustawy Sejm uchwalił na 66. posiedzeniu i jakie były wyniki głosowań?
t059	Co powiedział Jarosław Kaczyński w swoim wystąpieniu na 65. posiedzeniu Sejmu 17 września 2026 r.?
t060	Czego dotyczy interpelacja nr 99999 w 10. kadencji i kto na nią odpowiedział?
t061	Jaki jest najnowszy tekst jednolity Kodeksu pracy ogłoszony w Dzienniku Ustaw (pozycja, data obwieszczenia i data ogłoszenia) i czy jego treść jest dostępna w API w formacie HTML?
t062	Podaj najnowsze obwieszczenie o tekście jednolitym Kodeksu cywilnego: pozycję w Dzienniku Ustaw, datę obwieszczenia, datę ogłoszenia i stan prawny, na jaki tekst sporządzono. Czy tekst jest dostępny jako HTML?
t063	Kodeks postępowania administracyjnego: który jest jego najnowszy tekst jednolity i która ustawa (tytuł, pozycja Dz.U.) jest ostatnim aktem zmieniającym KPA według bazy ELI? Od kiedy ta zmiana obowiązuje?
t064	Który akt jako ostatni (według pozycji w Dzienniku Ustaw) zmienił Kodeks karny? Podaj tytuł, pozycję, datę ogłoszenia i datę wejścia w życie.
t065	Co stanowi art. 154 § 1 Kodeksu pracy w tekście jednolitym ogłoszonym w Dz.U. 2023 poz. 1465? Podaj wymiar urlopu wypoczynkowego i od czego zależy.
t066	Jakie terminy przedawnienia ustala art. 118 Kodeksu cywilnego według tekstu jednolitego Dz.U. 2024 poz. 1061 i na jaki dzień przypada koniec terminu przedawnienia?
t067	W jakich terminach organ powinien załatwić sprawę wymagającą postępowania wyjaśniającego, sprawę szczególnie skomplikowaną i sprawę w postępowaniu odwoławczym według art. 35 § 3 KPA (tekst jednolity Dz.U. 2024 poz. 572)?
t068	Jaką karę przewiduje art. 148 § 1 Kodeksu karnego za zabójstwo w tekście jednolitym ogłoszonym w Dz.U. 2024 poz. 17?
t069	Ustawa z 19 czerwca 2026 r. o zmianie ustawy - Kodeks pracy oraz ustawy - Kodeks postępowania cywilnego: pod jaką pozycją ją ogłoszono, kiedy, i czy na dzień 24 września 2026 r. jej przepisy już weszły w życie?
t070	Ile ustaw ogłoszonych w Dzienniku Ustaw weszło w życie w sierpniu 2026 r.? Wymień te, które weszły w życie 11 sierpnia 2026 r.
t071	Czy ustawa z 2 lipca 2004 r. o swobodzie działalności gospodarczej nadal obowiązuje? Jeśli nie, od kiedy i jaki akt ją uchylił?
t072	Ile dni minęło między ogłoszeniem ustawy o ochronie sygnalistów w Dzienniku Ustaw a jej wejściem w życie? Czy któreś jej przepisy weszły w życie później?
t073	Czy obowiązuje uchwalona przez Sejm X kadencji ustawa o koordynacji działań antykorupcyjnych oraz o likwidacji Centralnego Biura Antykorupcyjnego? Co stało się z nią po uchwaleniu?
t074	Czy ustawa o zmianie ustawy o podatku akcyzowym uchwalona przez Sejm 15 maja 2026 r. (projekt z druku nr 2457) została opublikowana i obowiązuje? Na jakim etapie się zatrzymała?
t075	Rządowy projekt ustawy o systemach sztucznej inteligencji (druk nr 2443): czy stał się obowiązującą ustawą, pod jaką pozycją Dziennika Ustaw ją ogłoszono i od kiedy obowiązuje? Czy część przepisów wchodzi w życie później?
t076	Czy tekst jednolity Kodeksu pracy ogłoszony w Dz.U. 2023 poz. 1465 jest nadal aktualny? Jaki ma status w ELI i co go zastąpiło?
t077	Ile obwieszczeń o tekście jednolitym Kodeksu karnego odnotowuje baza ELI przy tej ustawie, który jest najnowszy i czy ma wersję HTML?
t078	Gdzie i kiedy ogłoszono uchwałę Sejmu z 13 listopada 2023 r. w sprawie ustalenia liczby wicemarszałków Sejmu, jaki ma status w bazie ELI i w jakim formacie jest dostępny jej tekst?
t079	Kto obecnie przewodniczy sejmowej Komisji Zdrowia i kto jest jej zastępcą przewodniczącego (tylko osoby aktualnie pełniące funkcję)?
t080	Podaj obecne prezydium Komisji Cyfryzacji, Innowacyjności i Nowoczesnych Technologii: przewodniczącego i wszystkich zastępców.
t081	W jakich komisjach sejmowych zasiada obecnie poseł Bartłomiej Pejo i jaką funkcję pełni w każdej z nich?
t082	Ile posiedzeń odbyła Komisja Cyfryzacji, Innowacyjności i Nowoczesnych Technologii w lipcu 2026 r. i ile z nich było wspólnych z innymi komisjami?
t083	Co było w porządku posiedzenia nr 119 Komisji Cyfryzacji, Innowacyjności i Nowoczesnych Technologii, kiedy i gdzie się ono odbyło?
t084	Które jest najbliższe zaplanowane posiedzenie Sejmu, w jakich dniach się odbędzie i jaki jest pierwszy punkt jego porządku dziennego?
t085	Kto tworzy prezydium Klubu Parlamentarnego Polska 2050 (przewodniczący, wiceprzewodniczący, sekretarz)?
t086	Kto jest obecnie przewodniczącym Polsko-Japońskiej Grupy Parlamentarnej i z jakiego klubu pochodzi?
t087	Ile kadencji Sejmu (od 1991 r.) wymienia API Sejmu i w jakich datach trwała IX kadencja? Od kiedy trwa kadencja obecna?
t088	Jakie funkcje pełni poseł Paweł Śliz w komisjach sejmowych i w swoim klubie parlamentarnym?
t089	Ile projektów ustaw wniósł Prezydent RP do Sejmu w pierwszym półroczu 2026 r. (styczeń-czerwiec)? Wymień je z datami wpływu.
t090	Ile obywatelskich projektów ustaw wpłynęło do Sejmu X kadencji w latach 2024-2025? Wymień je.
t091	Który obywatelski projekt ustawy jest obecnie (24 września 2026 r.) w konsultacjach publicznych Sejmu i do kiedy one trwają?
t092	Jaki jest najnowszy druk sejmowy X kadencji dotyczący rynku kryptoaktywów (numer, data, czego dotyczy)?
t093	Gdzie mogę obejrzeć nagranie obrad Sejmu z 18 września 2026 r.? Które to było posiedzenie i w jakich godzinach trwała transmisja?
t094	Gdzie obejrzeć zapis wideo posiedzenia Komisji Cyfryzacji z 2 lipca 2026 r., na którym rozpatrywano uchwałę Senatu w sprawie ustawy o systemach sztucznej inteligencji?
t095	Ile projektów ustaw przedstawił Prezydent RP w Sejmie X kadencji (do 24 września 2026 r.) i który z nich wpłynął najpóźniej?
t096	Zacytuj dosłownie art. 127 Konstytucji RP na podstawie tekstu dostępnego w API ELI.
t097	Ilu senatorów głosowało za, przeciw i wstrzymało się w głosowaniu nad ustawą o systemach sztucznej inteligencji w Senacie?
t098	Od kiedy obowiązuje ustawa z 2019 r. o ochronie bezdomnych kotów i kto jest odpowiedzialny za jej wykonanie?
t099	Podaj treść i status Kodeksu Napoleona z 1808 r. oraz ustawy rządowej z 3 maja 1791 r. w bazie aktów prawnych ELI.
t100	Streść po kolei wszystkie akty wykonawcze wydane do Kodeksu pracy.
